set,n,initial_min,greedy_min,aco_mean_min,aco_std_min,aco_best_min,optimal_min,aco_time_ms,greedy_km,aco_km
small-5,6,14.7583,11.9950,10.7770,0.0440,10.7550,10.7550,8.9151,6.6393,6.1417
medium-8,9,21.2233,15.7867,13.9025,0.1948,13.7750,13.7750,16.8621,8.8297,7.7746
medium-9,10,27.2750,16.0567,14.5517,0.0000,14.5517,14.5517,18.7933,8.5852,7.9406
medium-10,11,31.6950,19.7250,16.5638,0.2665,16.4750,16.4750,22.0332,10.2483,8.7259
medium-11,12,37.6500,22.3900,20.3723,0.1684,20.1350,20.1350,27.1845,11.7671,11.0198
large-12,13,38.7183,22.9950,22.3565,0.2100,21.9400,,31.8172,11.7711,11.7242
large-15,16,72.7017,53.1667,49.9310,0.8351,47.6300,,45.2280,29.4912,28.1471
large-20,21,95.8417,66.3100,58.9772,0.5750,57.4433,,81.7233,35.0466,31.3893
large-25,26,120.8950,76.2117,66.5633,0.2256,66.1867,,135.7564,41.3899,35.2300
